idFm,stationCodeRaw,xlsxName,xlsxProvince,xlsxDistrict,xlsxFreq,foundInDb,dbName,dbProvince,dbFreq,dbOnAir,classification,warnings
5520415,05520415,คนรักสุขภาพ,ชัยภูมิ,เกษตรสมบูรณ์,92.25,true,คนรักสุขภาพ,ชัยภูมิ,92.25,false,ALREADY_OFF_AIR,
5520469,05520469,ลูกทุ่งไทยแลนด์,ชัยภูมิ,แก้งคร้อ,88.5,true,ลูกทุ่งไทยแลนด์,ชัยภูมิ,88.5,false,ALREADY_OFF_AIR,
5520421,05520421,วิเศษประดิษฐแก้งคร้อเรดิโอ,ชัยภูมิ,แก้งคร้อ,93.75,true,วิเศษประดิษฐแก้งคร้อเรดิโอ,ชัยภูมิ,93.75,false,ALREADY_OFF_AIR,
5520404,05520404,แม็กซ์ เรดิโอ,ชัยภูมิ,แก้งคร้อ,102.25,true,แม็กซ์ เรดิโอ,ชัยภูมิ,102.25,false,ALREADY_OFF_AIR,
5520475,05520475,สตาร์นิวนครกาหลง,ชัยภูมิ,คอนสวรรค์,104.25,true,สตาร์นิวนครกาหลง,ชัยภูมิ,104.25,false,ALREADY_OFF_AIR,
5520420,05520420,วิเศษประดิษฐ,ชัยภูมิ,คอนสาร,106,true,วิเศษประดิษฐ,ชัยภูมิ,106,false,ALREADY_OFF_AIR,
5540036,05540036,วาไรตี้ เรดิโอ,ชัยภูมิ,จัตุรัส,103.75,true,วาไรตี้ เรดิโอ,ชัยภูมิ,103.75,false,ALREADY_OFF_AIR,
5520424,05520424,จัตุรัสรักถิ่น,ชัยภูมิ,จัตุรัส,99.25,true,จัตุรัสรักถิ่น,ชัยภูมิ,99.25,false,ALREADY_OFF_AIR,
5520423,05520423,จัตุรัส เรดิโอ,ชัยภูมิ,จัตุรัส,95,true,จัตุรัส เรดิโอ,ชัยภูมิ,95,false,ALREADY_OFF_AIR,
5520476,05520476,สหกรณ์การเกษตรบ้านเขว้า,ชัยภูมิ,บ้านเขว้า,104,true,สหกรณ์การเกษตรบ้านเขว้า,ชัยภูมิ,104,false,ALREADY_OFF_AIR,
5520474,05520474,ลูกพ่อขุน,ชัยภูมิ,บำเหน็จณรงค์,102.75,true,ลูกพ่อขุน,ชัยภูมิ,102.75,false,ALREADY_OFF_AIR,
5520416,05520416,คนลุ่มน้ำพรม,ชัยภูมิ,ภูเขียว,105.75,true,คนลุ่มน้ำพรม,ชัยภูมิ,105.75,false,ALREADY_OFF_AIR,
5520434,05520434,เทพนิมิต เรดิโอ,ชัยภูมิ,ภูเขียว,104.75,true,เทพนิมิต เรดิโอ,ชัยภูมิ,104.75,false,ALREADY_OFF_AIR,
5520454,05520454,มิตรประชา เรดิโอ,ชัยภูมิ,ภูเขียว,98.25,true,มิตรประชา เรดิโอ,ชัยภูมิ,98.25,false,ALREADY_OFF_AIR,
5520453,05520453,วิเศษประดิษฐ ภูเขียวเรดิโอ,ชัยภูมิ,ภูเขียว,106.75,true,วิเศษประดิษฐ ภูเขียวเรดิโอ,ชัยภูมิ,106.75,false,ALREADY_OFF_AIR,
5520472,05520472,ลูกทุ่งพญาแล,ชัยภูมิ,เมืองชัยภูมิ,91.75,true,ลูกทุ่งพญาแล,ชัยภูมิ,91.75,false,ALREADY_OFF_AIR,
5520419,05520419,ความรู้สู่ชุมชนชัยภูมิ,ชัยภูมิ,เมืองชัยภูมิ,107,true,ความรู้สู่ชุมชนชัยภูมิ,ชัยภูมิ,107,false,ALREADY_OFF_AIR,
5540032,05540032,คลื่นมวลชนสัมพันธ์,ชัยภูมิ,เมืองชัยภูมิ,102.5,true,คลื่นมวลชนสัมพันธ์,ชัยภูมิ,102.5,false,ALREADY_OFF_AIR,
5540073,05540073,ห้วยบงเรดิโอ,ชัยภูมิ,เมืองชัยภูมิ,99.5,true,ห้วยบงเรดิโอ,ชัยภูมิ,99.5,false,ALREADY_OFF_AIR,
5520392,05520392,BIG FM,ชัยภูมิ,เมืองชัยภูมิ,93,true,BIG FM,ชัยภูมิ,93,false,ALREADY_OFF_AIR,
5520471,05520471,ลูกทุ่งเน็ตเวิร์ก,ชัยภูมิ,เมืองชัยภูมิ,94.75,true,ลูกทุ่งเน็ตเวิร์ก,ชัยภูมิ,94.75,false,ALREADY_OFF_AIR,
5520435,05520435,ถิ่นไทยงาม,ชัยภูมิ,เมืองชัยภูมิ,98.75,true,ถิ่นไทยงาม,ชัยภูมิ,98.75,false,ALREADY_OFF_AIR,
5540049,05540049,น้ำผึ้ง เรดิโอ,ชัยภูมิ,เมืองชัยภูมิ,104.5,true,น้ำผึ้ง เรดิโอ,ชัยภูมิ,104.5,false,ALREADY_OFF_AIR,
5520413,05520413,คนรักษ์ถิ่น,ชัยภูมิ,เมืองชัยภูมิ,95.5,true,คนรักษ์ถิ่น,ชัยภูมิ,95.5,false,ALREADY_OFF_AIR,
5520427,05520427,ชุมชนเมือง,ชัยภูมิ,เมืองชัยภูมิ,91.25,true,ชุมชนเมือง,ชัยภูมิ,91.25,false,ALREADY_OFF_AIR,
5520398,05520398,คนระเหวฯเฉลิมพระเกียรติ,ชัยภูมิ,หนองบัวระเหว,88,true,คนระเหวฯเฉลิมพระเกียรติ,ชัยภูมิ,88,false,ALREADY_OFF_AIR,
5520482,05520482,หนองบัวระเหว เรดิโอ,ชัยภูมิ,หนองบัวระเหว,89.75,true,หนองบัวระเหว เรดิโอ,ชัยภูมิ,89.75,false,ALREADY_OFF_AIR,
5520117,05520117,เสียงชนเสรี,นครราชสีมา,คง,106,true,เสียงชนเสรี,นครราชสีมา,106,false,ALREADY_OFF_AIR,
5520154,05520154,วัดบ้านหมัน,นครราชสีมา,คง,88.25,true,วัดบ้านหมัน,นครราชสีมา,88.25,false,ALREADY_OFF_AIR,
5520022,05520022,คงคนครพิทักษ์,นครราชสีมา,คง,107.75,true,คงคนครพิทักษ์,นครราชสีมา,107.75,false,ALREADY_OFF_AIR,
5520058,05520058,คนรักครบุรี แฮปปี้ เรดิโอ,นครราชสีมา,ครบุรี,88.25,true,คนรักครบุรี แฮปปี้ เรดิโอ,นครราชสีมา,88.25,false,ALREADY_OFF_AIR,
5520107,05520107,ชาวนา เรดิโอ,นครราชสีมา,ครบุรี,87.75,true,ชาวนา เรดิโอ,นครราชสีมา,87.75,false,ALREADY_OFF_AIR,
5520113,05520113,แซด เรดิโอ,นครราชสีมา,ครบุรี,96.25,true,แซด เรดิโอ,นครราชสีมา,96.25,false,ALREADY_OFF_AIR,
5540091,05540091,วิทยุชุมชนคริสเตียนเพื่อคนครบุรี,นครราชสีมา,ครบุรี,104.25,true,วิทยุชุมชนคริสเตียนเพื่อคนครบุรี,นครราชสีมา,104.25,false,ALREADY_OFF_AIR,
5520217,05520217,โรงพยาบาลครบุรี,นครราชสีมา,ครบุรี,95.25,true,โรงพยาบาลครบุรี,นครราชสีมา,95.25,false,ALREADY_OFF_AIR,
5520065,05520065,จริงจังเรดิโอ,นครราชสีมา,จักราช,97,true,จริงจังเรดิโอ,นครราชสีมา,97,false,ALREADY_OFF_AIR,
5520243,05520243,สหกรณ์ชุมพวง,นครราชสีมา,ชุมพวง,104.25,true,สหกรณ์ชุมพวง,นครราชสีมา,104.25,false,ALREADY_OFF_AIR,
5520168,05520168,เพื่อการศึกษาและพัฒนาอาชีพ (R-Radio Network) วิทยาลัยการอาชีพชุมพวง,นครราชสีมา,ชุมพวง,105.5,true,เพื่อการศึกษาและพัฒนาอาชีพ (R-Radio Network) วิทยาลัยการอาชีพชุมพวง,นครราชสีมา,105.5,false,ALREADY_OFF_AIR,
5520060,05520060,คนรักษ์กระโทก,นครราชสีมา,โชคชัย,93,true,คนรักษ์กระโทก,นครราชสีมา,93,false,ALREADY_OFF_AIR,
5520033,05520033,คนด่านขุนทด,นครราชสีมา,ด่านขุนทด,88.5,true,คนด่านขุนทด,นครราชสีมา,88.5,false,ALREADY_OFF_AIR,
5520115,05520115,ดินแดนหลวงพ่อคูณ,นครราชสีมา,ด่านขุนทด,102.5,true,ดินแดนหลวงพ่อคูณ,นครราชสีมา,102.5,false,ALREADY_OFF_AIR,
5520235,05520235,วิทยุคนเมืองด่าน,นครราชสีมา,ด่านขุนทด,103.75,true,วิทยุคนเมืองด่าน,นครราชสีมา,103.75,false,ALREADY_OFF_AIR,
5520146,05520146,ประทาย,นครราชสีมา,ประทาย,97.5,true,ประทาย,นครราชสีมา,97.5,false,ALREADY_OFF_AIR,
5540046,05540046,เฟรนด์ชิฟ เรดิโอ,นครราชสีมา,ประทาย,91.75,true,เฟรนด์ชิฟ เรดิโอ,นครราชสีมา,91.75,false,ALREADY_OFF_AIR,
5520094,05520094,ประทายเรดิโอ,นครราชสีมา,ประทาย,101.25,true,ประทายเรดิโอ,นครราชสีมา,101.25,false,ALREADY_OFF_AIR,
5520183,05520183,ปักธงชัย เรดิโอ,นครราชสีมา,ปักธงชัย,107,true,ปักธงชัย เรดิโอ,นครราชสีมา,107,false,ALREADY_OFF_AIR,
5540056,05540056,คนบ้านหัน,นครราชสีมา,ปักธงชัย,96.25,true,คนบ้านหัน,นครราชสีมา,96.25,false,ALREADY_OFF_AIR,
5520108,05520108,Pk.RADIO,นครราชสีมา,ปากช่อง,93.75,true,Pk.RADIO,นครราชสีมา,93.75,false,ALREADY_OFF_AIR,
5520189,05520189,ปากช่อง เรดิโอ,นครราชสีมา,ปากช่อง,89,true,ปากช่อง เรดิโอ,นครราชสีมา,89,false,ALREADY_OFF_AIR,
2521043,02521043,ID RADIO,นครราชสีมา,ปากช่อง,107,true,ID RADIO,นครราชสีมา,107,false,ALREADY_OFF_AIR,
5520196,05520196,เพื่อประชาชนปากช่อง,นครราชสีมา,ปากช่อง,101,true,เพื่อประชาชนปากช่อง,นครราชสีมา,101,false,ALREADY_OFF_AIR,
5520205,05520205,สายฟ้าเรดิโอ ปากช่อง,นครราชสีมา,ปากช่อง,91.75,true,สายฟ้าเรดิโอ ปากช่อง,นครราชสีมา,91.75,false,ALREADY_OFF_AIR,
5520081,05520081,คลื่นข่าวชาวบ้าน,นครราชสีมา,ปากช่อง,105,true,คลื่นข่าวชาวบ้าน,นครราชสีมา,105,false,ALREADY_OFF_AIR,
5520239,05520239,สไมล์เวฟ เรดิโอ,นครราชสีมา,ปากช่อง,89.5,true,สไมล์เวฟ เรดิโอ,นครราชสีมา,89.5,false,ALREADY_OFF_AIR,
5520267,05520267,เอื้ออาทรพิมาย,นครราชสีมา,พิมาย,105,true,เอื้ออาทรพิมาย,นครราชสีมา,105,false,ALREADY_OFF_AIR,
5520050,05520050,วิทยุชุมชนคนพิมาย,นครราชสีมา,พิมาย,98.5,true,วิทยุชุมชนคนพิมาย,นครราชสีมา,98.5,false,ALREADY_OFF_AIR,
5520210,05520210,เมืองพิมาย เรดิโอ สเตชั่น,นครราชสีมา,พิมาย,103,true,เมืองพิมาย เรดิโอ สเตชั่น,นครราชสีมา,103,false,ALREADY_OFF_AIR,
5520145,05520145,เบญจรงค์ นครราชสีมา,นครราชสีมา,เมืองนครราชสีมา,100.25,true,เบญจรงค์ นครราชสีมา,นครราชสีมา,100.25,false,ALREADY_OFF_AIR,
5520200,05520200,เฟิร์สเอฟเอ็ม,นครราชสีมา,เมืองนครราชสีมา,99,true,เฟิร์สเอฟเอ็ม,นครราชสีมา,99,false,ALREADY_OFF_AIR,
5520227,05520227,ไลฟ์เอฟเอ็ม,นครราชสีมา,เมืองนครราชสีมา,91,true,ไลฟ์เอฟเอ็ม,นครราชสีมา,91,false,ALREADY_OFF_AIR,
5520029,05520029,คนโคราช,นครราชสีมา,เมืองนครราชสีมา,107.5,true,คนโคราช,นครราชสีมา,107.5,false,ALREADY_OFF_AIR,
5540035,05540035,จอหอ เรดิโอ,นครราชสีมา,เมืองนครราชสีมา,107.75,true,จอหอ เรดิโอ,นครราชสีมา,107.75,false,ALREADY_OFF_AIR,
5520070,05520070,คนศาลาลอย-ทุ่งสว่าง,นครราชสีมา,เมืองนครราชสีมา,98,true,คนศาลาลอย-ทุ่งสว่าง,นครราชสีมา,98,false,ALREADY_OFF_AIR,
5520055,05520055,คนเมืองย่า,นครราชสีมา,เมืองนครราชสีมา,94.5,true,คนเมืองย่า,นครราชสีมา,94.5,false,ALREADY_OFF_AIR,
5520015,05520015,LUCKY RADIO,นครราชสีมา,เมืองนครราชสีมา,100.75,true,LUCKY RADIO,นครราชสีมา,100.75,false,ALREADY_OFF_AIR,
5520008,05520008,Nice (ไนซ์),นครราชสีมา,เมืองนครราชสีมา,93.25,true,Nice (ไนซ์),นครราชสีมา,93.25,false,ALREADY_OFF_AIR,
5520003,05520003,BIG FM,นครราชสีมา,เมืองนครราชสีมา,98.75,true,BIG FM,นครราชสีมา,98.75,false,ALREADY_OFF_AIR,
5520222,05520222,ลูกทุ่งเน็ตเวิร์ก,นครราชสีมา,เมืองนครราชสีมา,97.75,true,ลูกทุ่งเน็ตเวิร์ก,นครราชสีมา,97.75,false,ALREADY_OFF_AIR,
5540054,05540054,ช้างเผือก,นครราชสีมา,เมืองนครราชสีมา,87.75,true,ช้างเผือก,นครราชสีมา,87.75,false,ALREADY_OFF_AIR,
5520019,05520019,แกรนด์เรดิโอ,นครราชสีมา,เมืองนครราชสีมา,95.5,true,แกรนด์เรดิโอ,นครราชสีมา,95.5,false,ALREADY_OFF_AIR,
5520269,05520269,ฮอตชาร์แนล,นครราชสีมา,เมืองนครราชสีมา,92.75,true,ฮอตชาร์แนล,นครราชสีมา,92.75,false,ALREADY_OFF_AIR,
5520010,05520010,NOW FM,นครราชสีมา,เมืองนครราชสีมา,92.25,true,NOW FM,นครราชสีมา,92.25,false,ALREADY_OFF_AIR,
5520063,05520063,คนรักษ์สุขภาพ,นครราชสีมา,เมืองยาง,97,true,คนรักษ์สุขภาพ,นครราชสีมา,97,false,ALREADY_OFF_AIR,
5550006,05550006,อาร์ย เรดิโอ,นครราชสีมา,วังน้ำเขียว,99.75,true,อาร์ย เรดิโอ,นครราชสีมา,99.75,false,ALREADY_OFF_AIR,
5520223,05520223,ลูกทุ่งเน็ตเวิร์ก,นครราชสีมา,สีคิ้ว,97.5,true,ลูกทุ่งเน็ตเวิร์ก,นครราชสีมา,97.5,false,ALREADY_OFF_AIR,
5520192,05520192,เสียงสร้างสรรค์ เรดิโอ,นครราชสีมา,สูงเนิน,88.5,true,เสียงสร้างสรรค์ เรดิโอ,นครราชสีมา,88.5,false,ALREADY_OFF_AIR,
5520248,05520248,สีสรร FM,นครราชสีมา,สูงเนิน,92,true,สีสรร FM,นครราชสีมา,92,false,ALREADY_OFF_AIR,
5520255,05520255,เสียงธรรมเพื่อประชาชนฯ วัดป่าภูผาสูง,นครราชสีมา,สูงเนิน,103.25,true,เสียงธรรมเพื่อประชาชนฯ วัดป่าภูผาสูง,นครราชสีมา,103.25,false,ALREADY_OFF_AIR,
5520337,05520337,พระพุทธศาสนาจังหวัดบุรีรัมย์,บุรีรัมย์,กระสัง,104.25,true,พระพุทธศาสนาจังหวัดบุรีรัมย์,บุรีรัมย์,104.25,false,ALREADY_OFF_AIR,
5520281,05520281,มะโนบาล เรดิโอ,บุรีรัมย์,แคนดง,105.75,true,มะโนบาล เรดิโอ,บุรีรัมย์,105.75,false,ALREADY_OFF_AIR,
5520303,05520303,คลื่นคนไทยหัวใจลูกทุ่ง,บุรีรัมย์,นางรอง,104.25,true,คลื่นคนไทยหัวใจลูกทุ่ง,บุรีรัมย์,104.25,false,ALREADY_OFF_AIR,
5520274,05520274,DFM,บุรีรัมย์,นางรอง,94,true,DFM,บุรีรัมย์,94,false,ALREADY_OFF_AIR,
5520287,05520287,HOT RADIO,บุรีรัมย์,นางรอง,99,true,HOT RADIO,บุรีรัมย์,99,false,ALREADY_OFF_AIR,
5520342,05520342,เพื่อการศึกษาและพัฒนาอาชีพ (R-Radio Network) วิทยาลัยเทคนิคนางรอง,บุรีรัมย์,นางรอง,105.5,true,เพื่อการศึกษาและพัฒนาอาชีพ (R-Radio Network) วิทยาลัยเทคนิคนางรอง,บุรีรัมย์,105.5,false,ALREADY_OFF_AIR,
5520369,05520369,วัดโนนดินแดงใต้,บุรีรัมย์,โนนดินแดง,91.75,true,วัดโนนดินแดงใต้,บุรีรัมย์,91.75,false,ALREADY_OFF_AIR,
5520389,05520389,แฮมเรดิโอ,บุรีรัมย์,โนนสุวรรณ,89,true,แฮมเรดิโอ,บุรีรัมย์,89,false,ALREADY_OFF_AIR,
5540002,05540002,บ้านกรวด เรดิโอ,บุรีรัมย์,บ้านกรวด,105.25,true,บ้านกรวด เรดิโอ,บุรีรัมย์,105.25,false,ALREADY_OFF_AIR,
5520333,05520333,บ้านกรวด,บุรีรัมย์,บ้านกรวด,102.25,true,บ้านกรวด,บุรีรัมย์,102.25,false,ALREADY_OFF_AIR,
5520334,05520334,บ้านกรวดเวิลด์,บุรีรัมย์,บ้านกรวด,99.25,true,บ้านกรวดเวิลด์,บุรีรัมย์,99.25,false,ALREADY_OFF_AIR,
5540092,05540092,สตาร์เรดิโอ,บุรีรัมย์,ประโคนชัย,106.75,true,สตาร์เรดิโอ,บุรีรัมย์,106.75,false,ALREADY_OFF_AIR,
5520380,05520380,เสียงจากปะคำ,บุรีรัมย์,ปะคำ,94.5,true,เสียงจากปะคำ,บุรีรัมย์,94.5,false,ALREADY_OFF_AIR,
5520322,05520322,ลูกทุ่งแม็กซาโก้ (พุทไธสง),บุรีรัมย์,พุทไธสง,106.25,true,ลูกทุ่งแม็กซาโก้ (พุทไธสง),บุรีรัมย์,106.25,false,ALREADY_OFF_AIR,
5520355,05520355,ลูกทุ่งตั้งถาวร,บุรีรัมย์,พุทไธสง,102,true,ลูกทุ่งตั้งถาวร,บุรีรัมย์,102,false,ALREADY_OFF_AIR,
5520313,05520313,news fm,บุรีรัมย์,เมืองบุรีรัมย์,91.5,true,news fm,บุรีรัมย์,91.5,false,ALREADY_OFF_AIR,
5520350,05520350,มดลูกทุ่ง,บุรีรัมย์,เมืองบุรีรัมย์,88.25,true,มดลูกทุ่ง,บุรีรัมย์,88.25,false,ALREADY_OFF_AIR,
5520316,05520316,อิสาณเรดิโอ,บุรีรัมย์,เมืองบุรีรัมย์,90.5,true,อิสาณเรดิโอ,บุรีรัมย์,90.5,false,ALREADY_OFF_AIR,
5520278,05520278,BIG FM,บุรีรัมย์,เมืองบุรีรัมย์,98,true,BIG FM,บุรีรัมย์,98,false,ALREADY_OFF_AIR,
5520360,05520360,ลูกทุ่งเน็ตเวิร์ก,บุรีรัมย์,เมืองบุรีรัมย์,100.25,true,ลูกทุ่งเน็ตเวิร์ก,บุรีรัมย์,100.25,false,ALREADY_OFF_AIR,
5540064,05540064,โฮมเวฟ,บุรีรัมย์,ละหานทราย,90.75,true,โฮมเวฟ,บุรีรัมย์,90.75,false,ALREADY_OFF_AIR,
5520310,05520310,โคออป เรดิโอ,บุรีรัมย์,ลำปลายมาศ,92.5,true,โคออป เรดิโอ,บุรีรัมย์,92.5,false,ALREADY_OFF_AIR,
5520359,05520359,ลำปลายมาศเรดิโอ,บุรีรัมย์,ลำปลายมาศ,106.5,true,ลำปลายมาศเรดิโอ,บุรีรัมย์,106.5,false,ALREADY_OFF_AIR,
5520365,05520365,วทท. เบสเรดิโอ,บุรีรัมย์,สตึก,94.25,true,วทท. เบสเรดิโอ,บุรีรัมย์,94.25,false,ALREADY_OFF_AIR,
5520374,05520374,สตึก เรดิโอ สเตชั่น,บุรีรัมย์,สตึก,99,true,สตึก เรดิโอ สเตชั่น,บุรีรัมย์,99,false,ALREADY_OFF_AIR,
5520297,05520297,คนรักถิ่น,บุรีรัมย์,ห้วยราช,103.5,true,คนรักถิ่น,บุรีรัมย์,103.5,false,ALREADY_OFF_AIR,